id,brand,name,price,description,rating,category,product_type,product_colors
1041,zorah biocosmetiques,Liquid Liner,0.0,"<strong>12 hours of long-lasting</strong> intense color, transfer-free (leaves no trace on crease above the eyelid) <strong>Pure Light Capture®</strong> <strong>minerals</strong> deliver color and radiance. Silky lines and refreshingly light, Pure Argan eyeliner leaves a weightless feel on the eyelids.<p align='LEFT'>Natural cosmetic certified by Ecocert Greenlife according to Ecocert Standard available at: http://cosmetiques.ecocert.com</p>98% of the total ingredients are from natural origin 5% of total ingredients are from organic farming",,liquid,eyeliner,"[{'hex_value': '#000000', 'colour_name': 'Black'}]"
1040,zorah biocosmetiques,Eyeshadow,0.0,"<strong>Product Description</strong>Anti-aging formula made with organic Pure Argan oil and Pure Light Capture<sup>®</sup> pigments. 24 Hour crease-free intensity (no build-up increase of eyelid), no running. Pure Light Capture® pigments deliver color and luminosity. Silky and refreshingly light feel, Pure Argan eyeshadow is weightless on the eyelids. Pure Argan eyeshadow <strong>soothes</strong>, <strong>hides redness </strong>and <strong>slows the appearance of the signs of aging on the skin.</strong><p align='LEFT'>Natural cosmetic certified by Ecocert Greenlife according to Ecocert Standard available at: http://cosmetiques.ecocert.com</p>100% of the total ingredients are from natural origin5% of total ingredients are from organic farming",,,eyeshadow,"[{'hex_value': '#966A54', 'colour_name': 'Sahara'}, {'hex_value': '#6B7475', 'colour_name': 'Evrest'}, {'hex_value': '#444446', 'colour_name': 'Casablanca'}]"
1039,w3llpeople, Realist Invisible Setting Powder,0.0,"<span style=""font-weight: 400;"">Keep it real with a polished, soft-focus look using this superfine, loose mineral powder. The healing properties of organic aloe help soothe and calm stressed out skin. Instantly minimize pores, soften imperfections, and creates a matte finish with superfine powder. Use by itself for an air-brushed look, or to set foundation for ultra-long wear.</span><span style=""font-weight: 400;"">* Set makeup or by itself for matte air-brushed effect</span><span style=""font-weight: 400;"">* Absorbs excess oil while softening fine lines</span><span style=""font-weight: 400;"">* Organic aloe creates radiant, rejuvenated skin</span><span style=""font-weight: 400;"">* Hypoallergenic, Chemical Free, Cruelty Free &amp; Noncomedogenic </span><span style=""font-weight: 400;"">* EWG Verified for non-toxic health and safety</span><span style=""font-weight: 400;"">* Free From: Parabens, Gluten, GMO, Phthalates, Sulfates, Fragrance, Pheonoxyethanol, Dimethicone, PEG, Propylene Glycol, Butylene Glycol, Lead, Mineral Oil, Talc</span>",,powder,foundation,"[{'hex_value': '#E8E6E7', 'colour_name': 'Translucent'}]"
1038,sally b's skin yummies,B Smudged,0.0,"Let your eyes naturally pop with our B Smudged, a subtle eye color that adds a tint of color to the base of your lashes. An organic, cream eye color, B Smudged eliminates the inevitable uneven line from traditional eyeliners, and does not require expert blending techniques of messy, powder-based shadows. Simply 'smudge' along lash line for color that stays in place for a long lasting look.",,,eyeshadow,"[{'hex_value': '#485376', 'colour_name': 'B smudged'}]"
1037,sally b's skin yummies,B Glossy Lip Gloss,0.0,"Intensify your natural lip color with Sally B's B Glossy Lip Gloss, an organic lip gloss that adds a silky smooth hint of color and shimmer to lips. Formulated with 98% certified organic, moisture-rich ingredients our B Glossy Lip Gloss works to enrich lip health for lips that feel good and look even better.",,lip_gloss,lipstick,"[{'hex_value': '#BF5D7F', 'colour_name': ""Every Blonde's Pink""}, {'hex_value': '#D84945', 'colour_name': 'Primrose'}, {'hex_value': '#E1A2A0', 'colour_name': 'Soft Kiss'}, {'hex_value': '#B82F42', 'colour_name': ""Ruby's Red""}, {'hex_value': '#BE5F37', 'colour_name': 'Copper Penny'}, {'hex_value': '#8F4636', 'colour_name': 'Sweet Plum'}]"
1036,rejuva minerals,Multi Purpose Powder - Blush & Eye,0.0,"Our Multi Purpose Pressed Powders may be used for blush or eye shadow. Blended with antioxidants from Certified Organic Fruits, Berries &amp; Botanicals*. Made without any gluten containing ingredients. Mica free Pink Parfait and Papaya will offer a natural, ultra sheer semi-matte finish. The petals from beautiful crushed red roses that are found in Pink Parfait, are valued for their natural color and delightful aroma that they provide! Acai Berry will offer a natural, ultra sheer satin finish (mica added). VEGAN. Image one is Pink Parfait. Image two is Papaya, and image three is Acai Berry. Model in image four is wearing Papaya. Model in image five is wearing Acai Berry. To see a demonstration of Papaya, click on the video and fast forward to 3:44. Enjoy! This product is EWG VERIFIED&#x2122; and rated 'CLEAN'in the Think Dirty app! BPA and Phthalate free packaging. Plastic parts of compacts are recyclable. *Tiny flecks of fruit and botanical particles may be visible in powder. Pink Parfait and Papaya are Titanium Dioxide and Mica free. Net Weight: 2.8 gm.",,,eyeshadow,"[{'hex_value': '#E1BFC0', 'colour_name': 'Pink Parfait'}, {'hex_value': '#D7A7A3', 'colour_name': 'Papaya'}, {'hex_value': '#E6C3CB', 'colour_name': 'Acai Berry'}]"
1035,rejuva minerals,Multi Purpose Powder - Blush & Eye,0.0,"Our Multi Purpose Pressed Powders may be used for blush or eye shadow. Blended with antioxidants from Certified Organic Fruits, Berries &amp; Botanicals*. Made without any gluten containing ingredients. Mica free Pink Parfait and Papaya will offer a natural, ultra sheer semi-matte finish. The petals from beautiful crushed red roses that are found in Pink Parfait, are valued for their natural color and delightful aroma that they provide! Acai Berry will offer a natural, ultra sheer satin finish (mica added). VEGAN. Image one is Pink Parfait. Image two is Papaya, and image three is Acai Berry. Model in image four is wearing Papaya. Model in image five is wearing Acai Berry. To see a demonstration of Papaya, click on the video and fast forward to 3:44. Enjoy! This product is EWG VERIFIED&#x2122; and rated 'CLEAN'in the Think Dirty app! BPA and Phthalate free packaging. Plastic parts of compacts are recyclable. *Tiny flecks of fruit and botanical particles may be visible in powder. Pink Parfait and Papaya are Titanium Dioxide and Mica free. Net Weight: 2.8 gm.",,powder,blush,"[{'hex_value': '#E1BFC0', 'colour_name': 'Pink Parfait'}, {'hex_value': '#D7A7A3', 'colour_name': 'Papaya'}, {'hex_value': '#E6C3CB', 'colour_name': 'Acai Berry'}]"
1034,rejuva minerals,Multi Purpose Powder - Eye Shadow & Face,0.0,"Our Multi Purpose Pressed Powders may be used as eye shadow, brow powder, eye liner, or for highlighting. Blended with antioxidants from Certified Organic Fruits, Berries &amp; Botanicals*. No gluten derived ingredients. VEGAN. All shades will offer a semi-matte finish, with the exception of White Diamond. White Diamond will offer a shimmery finish. Image one shows shade in Iris. This product is EWG VERIFIED&#x2122; and rated 'CLEAN' in the Think Dirty app! BPA and Phthalate free packaging. Plastic parts of compacts are recyclable.",,,eyeshadow,"[{'hex_value': '#F7F8F3', 'colour_name': 'White Diamond'}, {'hex_value': '#E8B49B', 'colour_name': 'Tropical Sunset'}, {'hex_value': '#292627', 'colour_name': 'Moonless Night'}, {'hex_value': '#A17E69', 'colour_name': 'Mocha Latte'}, {'hex_value': '#8C666E', 'colour_name': 'Iris'}, {'hex_value': '#615349', 'colour_name': 'Brazillian Brown'}, {'hex_value': '#F7DEC4', 'colour_name': 'Beach Bum'}]"
1033,rejuva minerals,Pressed Powder Foundation,0.0,"Coconut Cream - Warm Undertones (yellow) Light Shade. May also be used as a highlighting shade! About our pressed foundations:<ul><li>Provides a silky smooth, natural 'semi-matte' finish</li><li>All skin types</li><li>Will not dry out skin (apply light moisturizer underneath for best results)</li><li>Resists caking and settling in lines and pores</li><li>Layers to provide a light-medium (buildable) coverage</li><li>Eco-friendly, biodegradable compact</li><li>Colored with minerals and enhanced with organic fruits and botanicals</li><li>Infused with conditioning organic jojoba oil</li><li>Formulated without common skin irritants.</li></ul>",,powder,foundation,"[{'hex_value': '#FBE9CD', 'colour_name': 'Coconut Cream'}, {'hex_value': '#E6B588', 'colour_name': 'Dune'}, {'hex_value': '#EBC8A0', 'colour_name': 'Glow'}, {'hex_value': '#F8E3D5', 'colour_name': 'Nude'}, {'hex_value': '#D8B39B', 'colour_name': 'Radiance'}, {'hex_value': '#E7CDBA', 'colour_name': 'Sand'}, {'hex_value': '#F1C4A8', 'colour_name': 'Sea Shell'}, {'hex_value': '#D1B594', 'colour_name': 'Taffy'}, {'hex_value': '#9C7248', 'colour_name': 'Bahama Mama'}, {'hex_value': '#DDA983', 'colour_name': 'St Tropez'}]"
1032,rejuva minerals,Bronzer - loose,0.0,"Caribbean is a multi-purpose shade that is suitable for medium-tan skin tones. This shade may be used as a bronzer, or as a contour shade. <ul><li>Our bronzer has been enhanced with Fruits, Botanicals and Clays for their natural color, fragrance and antioxidant benefits!</li><li>Blended with Certified Organics Fruits and Botanicals</li><li>Formulated with common skin irritants.</li><li>Our bronzer will offer a natural “ultra sheer” semi-matte finish.</li><li>Made without any gluten containing ingredients</li><li>VEGAN!</li><li>Eco Friendly jars!</li></ul>",,powder,bronzer,"[{'hex_value': '#A37948', 'colour_name': 'Caribbean'}]"
1031,rejuva minerals,Bronzer - pressed,0.0,"Our bronzer has been enhanced with Fruits, Botanicals and Clays for their natural color, fragrance and antioxidant benefits! Blended with Certified Organics Fruits and Botanicals Formulated with common skin irritants. Our bronzer will offer a natural 'ultra sheer' semi-matte finish. Made without any gluten containing ingredients VEGAN! Eco Friendly jars!",,powder,bronzer,"[{'hex_value': '#DDA983', 'colour_name': 'St Tropez'}, {'hex_value': '#9C7248', 'colour_name': 'Bahama Mama'}]"
1030,penny lane organics,Lip Gloss,0.0,For fuller healthier lips! Long lasting colour! This colour is a good choice for any skin tone. It can be made lighter by wiping some off after application.Please note that our Vitamin E is extracted from non-GMO soy bean oil and therefore is gluten-free.,,lip_gloss,lipstick,"[{'hex_value': '#2F1513', 'colour_name': 'Black Cherry'}, {'hex_value': '#4F1314', 'colour_name': 'Fiery Red'}, {'hex_value': '#6F2633', 'colour_name': 'Pearl Pink'}, {'hex_value': '#B05665', 'colour_name': 'Pink Shimmer'}, {'hex_value': '#783F30', 'colour_name': 'Sunset Bronze'}, {'hex_value': '#511617', 'colour_name': 'Sweet Cherry'}, {'hex_value': '#8E2432', 'colour_name': 'Tropical Fuschia'}]"
1029,nudus,Amalia,0.0,"named after my beautiful mum, delicately pink that displays sophistication. a perfect sheer wash of gorgeous colour that brings a new texture to the lip euphoria range. <strong>lipstick benefits</strong> a unique handcrafted lipstick blended with certified organic ingredients. beautifully pigmented with ancient ayurvedic bioactive colour extracts, leaving your lips soft and deliciously hydrated.<strong>key benefits</strong><ul><li>vitamins, A, B, C, D, E and K</li><li>antioxidants, including pomegranate, raspberry and kiwi cold pressed oils</li><li>27 active natural ingredients, helping against environmental stress</li><li>colours made from flowers, fruits, herbs and minerals</li><li>free from parabens, petro-chemicals, lanolin, hydrogenated oils,fd&amp;c and lake dyes, nano-particles, gmo, pesticides and fungicides</li><li>not tested on animals</li><li>gluten free</li></ul>",,lipstick,lipstick,"[{'hex_value': '#7C524F', 'colour_name': '27 Kisses'}, {'hex_value': '#884955', 'colour_name': 'Amalia'}, {'hex_value': '#9F3D2A', 'colour_name': 'Bitter Sweet'}, {'hex_value': '#542A26', 'colour_name': 'Dirty Diana'}, {'hex_value': '#793D48', 'colour_name': 'Dreamtime'}, {'hex_value': '#BB6E60', 'colour_name': 'Fairy Tale'}, {'hex_value': '#BA8285', 'colour_name': 'Halo'}, {'hex_value': '#71474E', 'colour_name': 'Just Like Jade'}, {'hex_value': '#AF8475', 'colour_name': 'Naked'}, {'hex_value': '#D65572', 'colour_name': 'Precious'}, {'hex_value': '#8F1A23', 'colour_name': 'Revenge'}, {'hex_value': '#8B383D', 'colour_name': 'Ruby Rose'}, {'hex_value': '#C83752', 'colour_name': 'Survivor'}, {'hex_value': '#784F5F', 'colour_name': 'Viva'}, {'hex_value': '#672F57', 'colour_name': 'Zo Zo'}]"
1028,marienatie,Pressed Foundation,0.0,A pressed foundation by MarieNatie providing a silky and flawless finish – it provides great coverage and protects skin with SPF 10.  Titanium dioxide acts as an absorbent of oil and jojoba oil helps to cleanse and moisturize the skin.,,powder,foundation,"[{'hex_value': '#F8DBC3', 'colour_name': 'Ivory'}, {'hex_value': '#ECBFA3', 'colour_name': 'Natural Beige'}, {'hex_value': '#FAE3C9', 'colour_name': 'Sunny Beige'}, {'hex_value': '#F3D2B7', 'colour_name': 'Warm Tan'}, {'hex_value': '#E7C09D', 'colour_name': 'Tan'}, {'hex_value': '#F4D3B8', 'colour_name': 'Honey'}, {'hex_value': '#D4AD8C', 'colour_name': 'Caramel'}, {'hex_value': '#D8AD91', 'colour_name': 'Chocolate'}, {'hex_value': '#C29F90', 'colour_name': 'Deep Golden'}]"
1027,marienatie,Pressed Eye Shadow,0.0,Hypoallergenic shadows that are rich in colour with a lightweight texture.  These MarieNatie shadows are fragrance-free and will stay on all day.   Compact comes with a mini brush that can be stored away.  Titanium dioxide acts as an absorbent of oil and jojoba cleanses and moisturizes the skin.,,,eyeshadow,"[{'hex_value': '#FDFAF9', 'colour_name': 'Blanc'}, {'hex_value': '#F9F5F2', 'colour_name': 'A la mode'}, {'hex_value': '#C5BEBA', 'colour_name': 'Soiree'}, {'hex_value': '#DFC99C', 'colour_name': 'Oro'}, {'hex_value': '#635152', 'colour_name': 'Cafe'}, {'hex_value': '#DADFBF', 'colour_name': 'Emerald'}, {'hex_value': '#A2AA93', 'colour_name': 'Foret'}, {'hex_value': '#8E6771', 'colour_name': 'Tres Beau'}, {'hex_value': '#9886A3', 'colour_name': ""C'est Bon""}, {'hex_value': '#5B739C', 'colour_name': 'Lune'}, {'hex_value': '#464342', 'colour_name': 'Minuit'}, {'hex_value': '#CBDDE3', 'colour_name': 'Mon Amour'}, {'hex_value': '#E2CED1', 'colour_name': 'Fleur'}]"
1026,marienatie,Mineral Blush,0.0,Formulated to reduce the appearance of pores while creating a long-lasting natural finish.  This MarieNatie brush protects skin with SPF15.  Sericite mica is great for absorbing oil and won’t clog up pores.  Mica is a natural mineral that helps to enhance the skin tone.,,powder,blush,"[{'hex_value': '#C97D66', 'colour_name': 'Blushing Apple'}, {'hex_value': '#DF9A84', 'colour_name': 'Desert Rose'}]"
1025,marienatie,Perfect Lash Mascara,0.0,"Marie Natie Perfect Lash Mascara is made with all natural ingredients that will not only condition your lashes but lengthen and thicken your every lash with every stroke.  Oregano, rosemary and thyme extract are great antioxidants and helps to maintain skin health.  Cinnamon bark extracts helps to fight infection.  Lemon peel extract contains natural healing and soothing properties.",,,mascara,"[{'hex_value': '#000000', 'colour_name': 'Black'}]"
1024,marienatie,Loose Mineral Eyeshadow,0.0,"Long-lasting eye colours delivering an instant glam and shimmer.  Silky and soft texture of MarieNatie glides on easily when applied wet or dry.  Magnesium stearate repels water and will help keep your eye shadow on all day and absorb any extra oil.  Kaolin clay will help to purify, soothe different skin types.",,,eyeshadow,"[{'hex_value': '#D1A390', 'colour_name': 'Bisque'}, {'hex_value': '#E4C2C4', 'colour_name': 'Rose'}, {'hex_value': '#CBD0D0', 'colour_name': 'Jade'}, {'hex_value': '#9F9686', 'colour_name': 'K aki'}, {'hex_value': '#92A281', 'colour_name': 'Emerald'}, {'hex_value': '#C57F70', 'colour_name': 'Oam'}, {'hex_value': '#8D6255', 'colour_name': 'Chocolate'}, {'hex_value': '#AB9A9E', 'colour_name': 'Riz Violet'}, {'hex_value': '#808193', 'colour_name': 'Aubergine'}, {'hex_value': '#F8DDAE', 'colour_name': 'Oro'}, {'hex_value': '#B0A9AC', 'colour_name': 'Argent'}, {'hex_value': '#8B5966', 'colour_name': 'Mauve'}, {'hex_value': '#47404A', 'colour_name': 'Noir'}]"
1023,marienatie,Lipstick,0.0,"A pure and creamy lipstick by MarieNatie formulated with organic jojoba, avocado, and coconut oil which are rich in anti-oxidants and have moisturizing benefits. Enriched with naturally derived organic mango and cocoa butters that will soothe, hydrate and regenerate dry lips.",,lipstick,lipstick,"[{'hex_value': '#9D5E4F', 'colour_name': 'Evelyn'}, {'hex_value': '#B03B3E', 'colour_name': 'Rosie'}, {'hex_value': '#9A1C24', 'colour_name': 'Giselle'}, {'hex_value': '#B4556E', 'colour_name': 'Ava'}]"
1022,marienatie,Lip Gloss,0.0,MarieNatie offers a gluten free and vegan lip gloss providing rich colours and shine without the stickiness. The natural oils will offer moisturizing properties and lasting hydration for your lips. Contains grape seed oil to reduce aging and wrinkles and sunflower oil has the ability to heal skin. Vitamin E is a great antioxidant that will protect and repair skin.,,lip_gloss,lipstick,"[{'hex_value': '#D5A291', 'colour_name': 'Posh'}, {'hex_value': '#D5A3A1', 'colour_name': 'Flair'}, {'hex_value': '#E89EA2', 'colour_name': 'Tickled'}, {'hex_value': '#8B5B5F', 'colour_name': 'Envy'}, {'hex_value': '#99696C', 'colour_name': 'Lush'}, {'hex_value': '#F1B8BE', 'colour_name': 'Pure'}, {'hex_value': '#D37B92', 'colour_name': 'Babe'}, {'hex_value': '#CA5774', 'colour_name': 'Wild'}]"
1021,marienatie,Gel Liner,0.0,This smooth and creamy formula from MarieNatie will provide a silky soft and non-oily finish. It glides on evenly to deliver immediate results.,,gel,eyeliner,"[{'hex_value': '#000000', 'colour_name': 'Black'}]"
1020,marienatie,Eyeliner,0.0,An eyeliner that offers long lasting colour and a natural smooth finish.  Both jojoba oil and meadowfoam oil have amazing moisturizing properties to help repair skin.  Beeswax is known for its healing properties and will help to improve skin conditions.,,pencil,eyeliner,"[{'hex_value': '#000000', 'colour_name': 'Black'}, {'hex_value': '#393230', 'colour_name': 'Brown'}, {'hex_value': '#353234', 'colour_name': 'Smoke'}]"
1019,maia's mineral galaxy,Mineral Eye Brow Liner Charcoal Brown,0.0,,,pencil,eyebrow,"[{'hex_value': '#5B4439', 'colour_name': 'Charcoal Brown'}, {'hex_value': '#000000', 'colour_name': 'Black'}, {'hex_value': '#5E3C30', 'colour_name': 'Cocoa'}, {'hex_value': '#4D4D4B', 'colour_name': 'Dark Gray'}, {'hex_value': '#6E4E2A', 'colour_name': 'Hazel Brown'}]"
1018,lotus cosmetics usa,Mascara,0.0,"All natural mascara lengthens, thickens, and defines lashes. Created with coffee extract, rice proteins and sunflower oil to condition lashes. Smudge proof and water resistant for lashes that will all day. Made with natural and organic ingredients. In Black, and Brown.",,,mascara,"[{'hex_value': '#000000', 'colour_name': 'Black'}]"
1017,lotus cosmetics usa,Creme to Powder Blush,0.0,"A cream to powder blush made with all natural ingredients that applies like a soft cream but finishes like a silky powder. Antioxidant-rich botanicals help moisturize the skin, while natural pigments provide long-lasting buildable color for a healthy, radiant glow. Made with natural and organic ingredients.",,cream,blush,"[{'hex_value': '#C7766F', 'colour_name': 'Plum'}, {'hex_value': '#DF925C', 'colour_name': 'Apricot'}, {'hex_value': '#E89B7C', 'colour_name': 'Rose'}]"
1016,lotus cosmetics usa,Eye Shadow Palette Mesmerize,0.0,A four-color eyeshadow palette infused with natural minerals and antioxidant rich extracts to help prevent fine lines and wrinkles. Easily blendable shades give you the ability to create effortlessly natural or dramatic looks. Made with natural and organic ingredients.,,palette,eyeshadow,"[{'hex_value': '#FDF5EB', 'colour_name': 'Color 1'}, {'hex_value': '#F5CFBC', 'colour_name': 'Color 2'}, {'hex_value': '#B57F57', 'colour_name': 'Color 3'}, {'hex_value': '#A39796', 'colour_name': 'Color 4'}]"
1015,lotus cosmetics usa,Eye Shadow Palette Deluxe,0.0,A four-color eyeshadow palette infused with natural minerals and antioxidant rich extracts to help prevent fine lines and wrinkles. Easily blendable shades give you the ability to create effortlessly natural or dramatic looks. Made with natural and organic ingredients.,,palette,eyeshadow,"[{'hex_value': '#F4DACA', 'colour_name': 'Color 1'}, {'hex_value': '#C89281', 'colour_name': 'Color 2'}, {'hex_value': '#4F7386', 'colour_name': 'Color 3'}, {'hex_value': '#9D9484', 'colour_name': 'Color 4'}]"
1014,lotus cosmetics usa,Eye Shadow Palette Smokey,0.0,A four-color eyeshadow palette infused with natural minerals and antioxidant rich extracts to help prevent fine lines and wrinkles. Easily blendable shades give you the ability to create effortlessly natural or dramatic looks. Made with natural and organic ingredients.,,palette,eyeshadow,"[{'hex_value': '#7F946E', 'colour_name': 'Color 1'}, {'hex_value': '#C8B38A', 'colour_name': 'Color 2'}, {'hex_value': '#668D9F', 'colour_name': 'Color 3'}, {'hex_value': '#36312C', 'colour_name': 'Color 4'}]"
1013,lotus cosmetics usa,Eye Shadow Palette Seduction,0.0,A four-color eyeshadow palette infused with natural minerals and antioxidant rich extracts to help prevent fine lines and wrinkles. Easily blendable shades give you the ability to create effortlessly natural or dramatic looks. Made with natural and organic ingredients.,,palette,eyeshadow,"[{'hex_value': '#EBBC9D', 'colour_name': 'Color 1'}, {'hex_value': '#EFB1B0', 'colour_name': 'Color 2'}, {'hex_value': '#5E3A31', 'colour_name': 'Color 3'}, {'hex_value': '#72504A', 'colour_name': 'Color 4'}]"
1012,lotus cosmetics usa,Eye Shadow Palette Cocoa,0.0,A four-color eyeshadow palette infused with natural minerals and antioxidant rich extracts to help prevent fine lines and wrinkles. Easily blendable shades give you the ability to create effortlessly natural or dramatic looks. Made with natural and organic ingredients.,,palette,eyeshadow,"[{'hex_value': '#E7CBB7', 'colour_name': 'Color 1'}, {'hex_value': '#BE9794', 'colour_name': 'Color 2'}, {'hex_value': '#B5816B', 'colour_name': 'Color 3'}, {'hex_value': '#9E6D64', 'colour_name': 'Color 4'}]"
1011,green people,Volumising Mascara,0.0,"Natural mineral pigments for intense natural black colour. Nourish roots and condition lashes with 98percent natural ingredients. Unique precision brush offers excellent lash definition Natural cellulose micro spheres give outstanding volume Vitamin E, Sunflower oil & Organic Beeswax",,,mascara,"[{'hex_value': '#000000', 'colour_name': 'Black'}]"
1010,coastal classic creation,Conch Lipstick,0.0,"Coastal Classic Creations Conch Lipstick is a flattering, stylish, rich winterberry color. This lipstick is paraben-free and vegan and contains sunflower oil which is rich in Vitamin E and which may protect against damage from the sun. To boost the product's effectiveness, we add sesame seed oil which contains Vitamins E, D, and B complex to provide moisture and neutralize free radicals. Companions well with Boysenberry Lip Crayon.",,lipstick,lipstick,"[{'hex_value': '#822A42', 'colour_name': 'Raspberry'}, {'hex_value': '#8D394F', 'colour_name': 'Conch'}, {'hex_value': '#9F4353', 'colour_name': 'Crushed Rose'}, {'hex_value': '#A15F55', 'colour_name': 'Tender Toffee'}, {'hex_value': '#F09178', 'colour_name': 'Deja Vu'}, {'hex_value': '#B83037', 'colour_name': 'Sun Dial'}, {'hex_value': '#AD4C46', 'colour_name': 'Terra Gold'}, {'hex_value': '#A96B67', 'colour_name': 'Cowry'}, {'hex_value': '#B73849', 'colour_name': 'Tender'}, {'hex_value': '#D06C89', 'colour_name': 'Nautilus'}, {'hex_value': '#C49082', 'colour_name': 'Extremely Nude'}, {'hex_value': '#B78592', 'colour_name': 'Ginger Snap'}, {'hex_value': '#DD786A', 'colour_name': 'Coral Shell'}, {'hex_value': '#E5A4BF', 'colour_name': 'Twilight'}, {'hex_value': '#954D44', 'colour_name': 'Sand Dollar'}]"
1009,c'est moi,Reflect Lip Gloss,0.0,"These essential lip gloss shades are enriched with a blend of natural and organic oils to deliver the perfect amount of sheer color and shine to lips. Enriched with a blend of natural and organic oils, this essential gloss delivers a wash of sheer color and promises shine—not stickiness. Made for Young Delicate Skin Types NO – Talc, Fragrance, Parabens, Phthalates, Sulfates, Mineral oil or Propylene Glycol Dermatologist Tested Clinically Tested on Sensitive Skin, Hypoallergenic, Made with Natural & Organic Ingredients",,lip_gloss,lipstick,"[{'hex_value': '#DF585A', 'colour_name': 'Rise'}, {'hex_value': '#E4CFCE', 'colour_name': 'Opulence'}, {'hex_value': '#D6474B', 'colour_name': 'Bliss'}]"
1008,c'est moi,Muse Mascara,0.0,"Define, lengthen and nourish lashes with organic shea butter, grapeseed and jojoba oils. Lashes are coated gently and evenly without clumping, transferring or flaking. Long, lush lashes begin with this luxe mascara that is formulated with organic shea butter and oils of grape and jojoba seed to help nourish and condition as it lengthens and defines. Velvety and smooth, it coats lashes gently and evenly without clumping, transferring, or flaking. Made for Young Delicate Skin Types. NO – Talc, Fragrance, Parabens, Phthalates, Sulfates, Mineral oil or Propylene Glycol",,,mascara,"[{'hex_value': '#000000', 'colour_name': 'Black'}]"
1007,c'est moi,Luminary Lip Crayon,0.0,"These nourishing and creamy lip crayons come in 6 perfectly pigmented shades that go from subtle to statement. This easy-to-use lip crayon delivers velvety application and perfectly pigmented color, plus a nourishing formula with a creamy, consistent texture designed to make your lips appear soft and smooth. Apply sparingly for a subtle look, or generously to make a statement—either way, your lips will feel as beautiful as they look! Made for Young Delicate Skin Types NO – Talc, Fragrance, Parabens, Phthalates, Sulfates, Mineral oil or Propylene Glycol Dermatologist Tested Clinically Tested On Sensitive Skin Hypoallergenic",,pencil,lip_liner,"[{'hex_value': '#B89093', 'colour_name': 'Fresh'}, {'hex_value': '#CB7579', 'colour_name': 'True'}, {'hex_value': '#EB5D92', 'colour_name': 'Fierce'}, {'hex_value': '#E74857', 'colour_name': 'Vivid'}, {'hex_value': '#CC5257', 'colour_name': 'Brave'}, {'hex_value': '#65373E', 'colour_name': 'Courage'}]"
1006,c'est moi,Fearless Eyeliner,0.0,"Make eyes pop with this velvety smooth eyeliner that glides on effortlessly and precisely. Make your eyes pop with this sleek, easy-to-use eyeliner. Formulated with both jojoba seed oil and shea butter, its velvety smooth formula glides on effortlessly and precisely. To sharpen, place inside sharpener and turn the pencil gently to create a working tip. Made for Young Delicate Skin Types NO – Talc, Fragrance, Parabens, Phthalates, Sulfates, Mineral oil or Propylene Glycol  Dermatologist Tested Clinically Tested on Sensitive Skin Hypoallergenic Made with Natural Ingredients",,pencil,eyeliner,"[{'hex_value': '#B8A89A', 'colour_name': 'Fearless'}]"
871,nyx,Extra Creamy Round Lipstick,0.0,"Extra Creamy Round Lipstick is our classic lipstick for all occasions. The mineral-based emollient formula offers a beautiful velvet texture, saturated color and it resists wear and smudging. It’s your go-to lipstick. From Pure Nude to Pink Lyric to Chic Red, Round Lipstick is available in a jaw-dropping variety of shades.",,lipstick,lipstick,"[{'hex_value': '#CD787B', 'colour_name': 'Milan'}, {'hex_value': '#F3CFCF', 'colour_name': 'Athena'}, {'hex_value': '#F2D0E0', 'colour_name': 'Baby Pink'}, {'hex_value': '#F7D0C9', 'colour_name': 'Sash'}, {'hex_value': '#FBCDD0', 'colour_name': 'Harmonica'}, {'hex_value': '#FFC5B9', 'colour_name': 'Marrakesh Pink'}, {'hex_value': '#F7C9CB', 'colour_name': 'Strawberry Milk'}, {'hex_value': '#F9C3C1', 'colour_name': 'Jupiter'}, {'hex_value': '#F9CABA', 'colour_name': 'Gala'}, {'hex_value': '#FFBFCD', 'colour_name': 'Narcissus'}, {'hex_value': '#F5C3C6', 'colour_name': 'Lip Du Jour'}, {'hex_value': '#FF7C86', 'colour_name': 'Paris'}, {'hex_value': '#FEBDC1', 'colour_name': 'Sky Pink'}, {'hex_value': '#FD9CA7', 'colour_name': 'Rose Bud'}, {'hex_value': '#FD93A9', 'colour_name': 'Flower'}, {'hex_value': '#F9AC9C', 'colour_name': 'Vitamin'}, {'hex_value': '#FC978D', 'colour_name': 'Indian Pink'}, {'hex_value': '#FAA19D', 'colour_name': 'Chic'}, {'hex_value': '#FDA09B', 'colour_name': 'Stella'}, {'hex_value': '#FD9491', 'colour_name': 'Margarita'}, {'hex_value': '#F1757F', 'colour_name': 'Paparazzi'}, {'hex_value': '#FF5E8F', 'colour_name': 'Pink Lyric'}, {'hex_value': '#FF4986', 'colour_name': 'Hot Pink'}, {'hex_value': '#F7BAC1', 'colour_name': 'Christie'}, {'hex_value': '#FD829E', 'colour_name': 'Rose Bouquet'}, {'hex_value': '#D3748C', 'colour_name': 'Gem'}, {'hex_value': '#FDA290', 'colour_name': 'Watermelon'}, {'hex_value': '#E37880', 'colour_name': 'Blush'}, {'hex_value': '#E36974', 'colour_name': 'Fig'}, {'hex_value': '#E07C7C', 'colour_name': 'Tea Rose'}, {'hex_value': '#FF607C', 'colour_name': 'Louisiana'}, {'hex_value': '#FB5468', 'colour_name': 'Spell Bound'}, {'hex_value': '#FB7D92', 'colour_name': 'Gardenia'}, {'hex_value': '#EA6C82', 'colour_name': 'Haute Couture'}, {'hex_value': '#F26198', 'colour_name': 'Shiva'}, {'hex_value': '#F66493', 'colour_name': 'Eucalyptus'}, {'hex_value': '#F8639D', 'colour_name': 'Chloe'}, {'hex_value': '#ED6FAE', 'colour_name': 'Fusion'}, {'hex_value': '#DA7C7C', 'colour_name': 'Peach'}, {'hex_value': '#CA787A', 'colour_name': 'Minimalism'}, {'hex_value': '#F09292', 'colour_name': 'Heather'}, {'hex_value': '#DC6271', 'colour_name': 'Doll'}, {'hex_value': '#C78376', 'colour_name': 'Thalia'}, {'hex_value': '#C88471', 'colour_name': 'Perfect'}, {'hex_value': '#D2736F', 'colour_name': 'B52'}, {'hex_value': '#BF6E7F', 'colour_name': 'Lala'}, {'hex_value': '#C3A4B6', 'colour_name': 'Power'}, {'hex_value': '#E2AED4', 'colour_name': 'Castle'}, {'hex_value': '#CE86B6', 'colour_name': 'Pandora'}, {'hex_value': '#C14E6D', 'colour_name': 'Violet Ray'}, {'hex_value': '#AD4B72', 'colour_name': 'Medusa'}, {'hex_value': '#4D182A', 'colour_name': 'Bruised'}, {'hex_value': '#891A0F', 'colour_name': 'Hestia'}, {'hex_value': '#9D181D', 'colour_name': 'Hero'}, {'hex_value': '#7B1427', 'colour_name': 'Black Cherry'}, {'hex_value': '#DF726F', 'colour_name': 'Hope'}, {'hex_value': '#EC8681', 'colour_name': 'Topaz'}, {'hex_value': '#F25C67', 'colour_name': 'Hebe'}, {'hex_value': '#BF1F11', 'colour_name': 'Snow White'}, {'hex_value': '#D40F18', 'colour_name': 'Electra'}, {'hex_value': '#D50326', 'colour_name': 'Chaos'}, {'hex_value': '#E70F50', 'colour_name': 'Chic Red'}, {'hex_value': '#F1232D', 'colour_name': 'Fire'}, {'hex_value': '#EF1C07', 'colour_name': 'Eros'}, {'hex_value': '#FE7C84', 'colour_name': 'Rose'}, {'hex_value': '#FFA181', 'colour_name': 'NYX'}, {'hex_value': '#FF5B38', 'colour_name': 'Haute Melon'}, {'hex_value': '#FD5A49', 'colour_name': 'Femme'}, {'hex_value': '#FC927C', 'colour_name': 'Peach Bellini'}, {'hex_value': '#FEAE89', 'colour_name': 'Orange Soda'}, {'hex_value': '#E89D7E', 'colour_name': 'Pure Nude'}, {'hex_value': '#D49377', 'colour_name': 'Pumpkin Pie'}, {'hex_value': '#F9C2AE', 'colour_name': 'Iris'}, {'hex_value': '#F2E2C0', 'colour_name': 'Uberchic'}, {'hex_value': '#F0D9BA', 'colour_name': 'Frosted Flakes'}, {'hex_value': '#DEA588', 'colour_name': 'Echo'}, {'hex_value': '#E2A589', 'colour_name': 'Circe'}, {'hex_value': '#E0A789', 'colour_name': 'Honey'}, {'hex_value': '#D2B4AA', 'colour_name': 'Galaxy'}, {'hex_value': '#D39E7F', 'colour_name': 'Rea'}, {'hex_value': '#FDC0AD', 'colour_name': 'Summer Love'}, {'hex_value': '#F69D99', 'colour_name': 'Darling'}, {'hex_value': '#D3856F', 'colour_name': 'Frappucino'}, {'hex_value': '#CE7A62', 'colour_name': 'Heredes'}, {'hex_value': '#CE886F', 'colour_name': 'Mars'}, {'hex_value': '#CB7C6B', 'colour_name': 'Cocoa'}]"
772,clinique,Clinique Pop&trade; Oil Lip & Cheek Glow,,,,,blush,"[{'hex_value': '#BC2F28', 'colour_name': None}]"
719,dior,"
                            Grenat
                            ",0.0,"The sparkling, vibrant tones of Diorific Vernis nail polishes are modeled after precious stones.",,,nail_polish,"[{'hex_value': '#BC2D48', 'colour_name': '673 Ruby'}, {'hex_value': '#970530', 'colour_name': '745 Grenat'}, {'hex_value': '#006D66', 'colour_name': '809 Emerald'}, {'hex_value': '#511B38', 'colour_name': '998 Amethyst'}]"
690,dior,Diorshow Fusion Mono Matte,0.0,"A weightless texture that blends into the skin and dresses the eye in velvety colour. In a single step, it creates an even and intense matte finish for a professional makeup effect.",,,eyeshadow,"[{'hex_value': '#363A3E', 'colour_name': '091 Nocturne'}, {'hex_value': '#E5BAA8', 'colour_name': '721 Songe'}]"
686,dior,DIORBLUSH PRECIOUS ROCKS - Christmas 2017 Limited Edition,0.0,"The new limited-edition Diorblush showcases every facet of the Precious Rocks collection. Printed with a prismatic motif that reflects that of a precious stone, its sheer, peach colour blends seamlessly with your skin to deliver a fresh, crystal-clear complexion.",,,blush,"[{'hex_value': '#EF8687', 'colour_name': '864 Precious Rocks'}]"
657,iman,Cover Cream Clay Medium Deep,,"0.1 oz (3g) Flawless-finish concealer camouflages under-eye circles, blemishes and skin tone imperfections. ",,cream,foundation,"[{'hex_value': '#e5ae86', 'colour_name': 'Sand Medium'}, {'hex_value': '#ac703d', 'colour_name': 'Clay Medium'}, {'hex_value': '#9e6209', 'colour_name': 'Clay Medium Deep'}, {'hex_value': '#793f0d', 'colour_name': 'Earth Medium'}, {'hex_value': '#64300a', 'colour_name': 'Earth Deep'}]"
656,iman,Corrective Concealer Clay,,"0.17 oz Silky and creamy formula smoothes on, covering dark circles, and tiny imperfections. ",,concealer,foundation,"[{'hex_value': '#c47b4d', 'colour_name': 'Clay'}, {'hex_value': '#8f5628', 'colour_name': 'Earth'}]"
655,iman,CC Correct & Cover Clay Medium Deep,,"0.14oz Transforms from powder to cream and corrects with Skin Tone Evener complex, extracts and vitamins. ",,bb_cc,foundation,"[{'hex_value': '#e9b88b', 'colour_name': 'Sand Medium'}, {'hex_value': '#cea176', 'colour_name': 'Clay Medium'}, {'hex_value': '#a0672e', 'colour_name': 'Clay Medium Deep'}, {'hex_value': '#9c6018', 'colour_name': 'Earth Medium'}, {'hex_value': '#784311', 'colour_name': 'Earth Deep'}]"
654,iman,Luxury Blushing Powder Posh,,"0.11oz (3g) Silky powder blush that provides true color with a natural looking, long-lasting finish. Made in China. ",,powder,blush,"[{'hex_value': '#d55c67', 'colour_name': 'Posh'}, {'hex_value': '#ad444a', 'colour_name': 'Peace'}, {'hex_value': '#e38069', 'colour_name': 'Allure'}, {'hex_value': '#b06037', 'colour_name': 'Sunlit Copper'}, {'hex_value': '#6e3b18', 'colour_name': 'Sable'}]"
653,iman,Skin Tone Evener BB Crème Clay Medium,,"1.0 fl oz Skin tone evening Beauty Balm combines skin care and a sheer hint of color that compliments the natural tones of Women with Skin of Color. IMAN Skin Tone Evener Complex, Licorice, Grape Seed, Kokum, Almond, Aloe and Vitamins A,E & C. ",,bb_cc,foundation,"[{'hex_value': '#F2B791', 'colour_name': 'Sand Light'}, {'hex_value': '#ECAD79', 'colour_name': 'Sand Medium'}, {'hex_value': '#DD925F', 'colour_name': 'Clay Medium'}, {'hex_value': '#C77E4D', 'colour_name': 'Clay Medium Deep'}, {'hex_value': '#965831', 'colour_name': 'Earth Medium'}, {'hex_value': '#7C4B2D', 'colour_name': 'Earth Deep'}]"
652,iman,Perfect Eye Pencil Deception,,12 oz (3.4 g) Color your way to beautiful with New IMAN luxury eye shadow pencils. Long wearing eye shadow. Ease of a pencil. Made in China. ,,pencil,eyeshadow,"[{'hex_value': '#F1C6A7', 'colour_name': 'Intrigue'}, {'hex_value': '#C88242', 'colour_name': 'Desire'}, {'hex_value': '#00594F', 'colour_name': 'Deception'}, {'hex_value': '#003865', 'colour_name': 'Forbidden'}, {'hex_value': '#3F2A56', 'colour_name': 'Seduction'}, {'hex_value': '#1D252D', 'colour_name': 'Mystery'}]"
651,iman,Volumize Mascara Black Ink,,"24 oz (7 g) Thick, provocative lashes for a full and sexy flutter. Enhanced with Jojoba and Vitamin E for rich, luscious conditioning. ",,,mascara,[]
650,iman,Perfect Mascara Black,,"0.3oz (8g) Thickens, lengthens and separates lashes ",,,mascara,[]
649,iman,Amplify Mascara Black Ink,,"24oz (7g) Thickens, lengthens & separates lashes. Extends and amplifies each lash, so even the tiniest lashes will not be denied. ",,,mascara,[]
648,iman,Perfect Eyebrow Pencil Blackest Brown,,0.05oz (1.5g) Versatile new product that combines the precise definition of an eye liner and the silky application of an eye shadow and the pearlescent finish of a shimmer powder. Made in China. ,,,eyebrow,[]
647,iman,Perfect Eye Pencil Ebony,,0.05oz (1.5g) Expertly defines & lines eyes. Made in USA. ,,pencil,eyeliner,"[{'hex_value': '#283434', 'colour_name': 'Black Shimmer'}, {'hex_value': '#583939', 'colour_name': 'Nut Bush'}, {'hex_value': '#000000', 'colour_name': 'Jet Black'}]"
646,iman,Luxury Moisturizing Lipstick IMAN Nude,,"13oz (3.7g) Luscious creamy, semi-matte lip color for full coverage and a long-lasting smooth finish. Made in China. ",,lipstick,lipstick,"[{'hex_value': '#d27d56', 'colour_name': 'NEW IMAN Nude'}, {'hex_value': '#c26256', 'colour_name': 'NEW Baby Doll'}, {'hex_value': '#b5432a', 'colour_name': 'NEW Hipster'}, {'hex_value': '#a43a44', 'colour_name': 'NEW Diva'}, {'hex_value': '#632528', 'colour_name': 'NEW Drama Queen'}, {'hex_value': '#602714', 'colour_name': 'NEW Rebel'}, {'hex_value': '#c47636', 'colour_name': 'Sheer Gold'}, {'hex_value': '#a17e49', 'colour_name': 'Citron'}, {'hex_value': '#ff4814', 'colour_name': 'Hot'}, {'hex_value': '#f4436d', 'colour_name': 'Kinky Pink'}, {'hex_value': '#b15336', 'colour_name': 'Paprika'}, {'hex_value': '#d71d32', 'colour_name': 'Iman Red'}, {'hex_value': '#af0061', 'colour_name': 'Flirtatious'}, {'hex_value': '#a32136', 'colour_name': 'Scandalous'}, {'hex_value': '#874e41', 'colour_name': 'Sheer Ice Tea'}, {'hex_value': '#6a494c', 'colour_name': 'Opal'}, {'hex_value': '#73308b', 'colour_name': 'Taboo'}, {'hex_value': '#734942', 'colour_name': 'Jaguar'}, {'hex_value': '#651738', 'colour_name': 'Wild Thing'}, {'hex_value': '#52182c', 'colour_name': 'Black Brandy'}]"
645,iman,Luxury Eye Shadow Bejeweled,,"0.05oz (1.42g) Silky, long-lasting crease-resistant formula crease resistant wear in true-color mattes, and low luster pearls. Made in China. ",,,eyeshadow,"[{'hex_value': '#ffd9ac', 'colour_name': 'White Gold'}, {'hex_value': '#bc8473', 'colour_name': 'Mixed Metal'}, {'hex_value': '#e8e7e3', 'colour_name': 'Mixed Metal'}, {'hex_value': '#6e4e40', 'colour_name': 'Hot Chocolate'}, {'hex_value': '#dbbdb4', 'colour_name': 'Hot Chocolate'}, {'hex_value': '#874d25', 'colour_name': 'Bejeweled'}, {'hex_value': '#de9d7c', 'colour_name': 'Bejeweled'}, {'hex_value': '#99978d', 'colour_name': 'Pewter'}, {'hex_value': '#a05d42', 'colour_name': 'Nutmeg'}, {'hex_value': '#9a6758', 'colour_name': 'Tiger Eye'}, {'hex_value': '#543227', 'colour_name': 'Bronze Goddess'}, {'hex_value': '#b27866', 'colour_name': 'Bronze Goddess'}, {'hex_value': '#7c735b', 'colour_name': 'Safari'}, {'hex_value': '#6b5a73', 'colour_name': 'African Violet'}]"
